firstname;Initials;lastname;username;StreetAddress;City;ZipCode;State;Country;department;password;Phone;JobTitle;Company;ou
Batman;BA;;Batman;Crime Alley ;Gotham;;;United State of America;IT;Demowvd2022;33123456780;Teamleader;DEMOAD;OU=WVD-Users,DC=demoad,DC=com
Alfred;AP;Pennyworth;Alfred.Pennyworth;Crime Alley ;Gotham;;;United State of America;IT;Demowvd2022;33123456780;Manager;DEMOAD;OU=WVD-Users,DC=demoad,DC=com
Robin;RO;;Robin;Crime Alley ;Gotham;;;United State of America;IT;Demowvd2022;33123456780;Engineer;DEMOAD;OU=WVD-Users,DC=demoad,DC=com
Dick;DG;Grayson;Dick.Grayson;Crime Alley ;Gotham;;;United State of America;IT;Demowvd2022;33123456780;Engineer;DEMOAD;OU=WVD-Users,DC=demoad,DC=com
Batgirl;BA;;Batgirl;Crime Alley ;Gotham;;;United State of America;IT;Demowvd2022;33123456780;Engineer;DEMOAD;OU=WVD-Users,DC=demoad,DC=com
RedRobin;RR;;RedRobin;Crime Alley ;Gotham;;;United State of America;IT;Demowvd2022;33123456780;Manager;DEMOAD;OU=WVD-Users,DC=demoad,DC=com
Nigthwing;NI;;Nigthwing;Crime Alley ;Blüdhaven;;;United State of America;IT;Demowvd2022;33123456780;Engineer;DEMOAD;OU=WVD-Users,DC=demoad,DC=com
Jason;JT;Todd;Jason.Todd;Crime Alley ;Gotham;;;United State of America;IT;Demowvd2022;33123456780;Engineer;DEMOAD;OU=WVD-Users,DC=demoad,DC=com
Damian;DW;Wayne;Damian.Wayne;Crime Alley ;Gotham;;;United State of America;IT;Demowvd2022;33123456780;Engineer;DEMOAD;OU=WVD-Users,DC=demoad,DC=com
Tim;TD;Drake;Tim.Drake;Crime Alley ;Gotham;;;United State of America;IT;Demowvd2022;33123456780;Engineer;DEMOAD;OU=WVD-Users,DC=demoad,DC=com
Barbara;BG;Gordon;Barbara.Gordon;Crime Alley ;Gotham;;;United State of America;IT;Demowvd2022;33123456780;Wife;DEMOAD;OU=WVD-Users,DC=demoad,DC=com
Catwoman;CA;;Catwoman;Crime Alley ;Gotham;;;United State of America;IT;Demowvd2022;33123456780;Engineer;DEMOAD;OU=WVD-Users,DC=demoad,DC=com
Ace;AC;LeBatChien;Ace.LeBatChien;Crime Alley ;Gotham;;;United State of America;IT;Demowvd2022;33123456780;SideKick;DEMOAD;OU=WVD-Users,DC=demoad,DC=com
RedHood;RH;;RedHood;Crime Alley ;Gotham;;;United State of America;IT;Demowvd2022;33123456780;Engineer;DEMOAD;OU=WVD-Users,DC=demoad,DC=com
Batwoman;BA;;Batwoman;Crime Alley ;Gotham;;;United State of America;IT;Demowvd2022;33123456780;Engineer;DEMOAD;OU=WVD-Users,DC=demoad,DC=com
Terry;TM;McGinnis;Terry.McGinnis;Crime Alley ;Gotham;;;United State of America;IT;Demowvd2022;33123456780;Engineer;DEMOAD;OU=WVD-Users,DC=demoad,DC=com
Joker;JO;;Joker;Crime Alley ;Arkham;;;United State of America;IT;Demowvd2022;33123456780;Vilain;DEMOAD;OU=WVD-Users,DC=demoad,DC=com
Kathy;KK;Kane;Kathy.Kane;Crime Alley ;Gotham;;;United State of America;IT;Demowvd2022;33123456780;Engineer;DEMOAD;OU=WVD-Users,DC=demoad,DC=com
Superman;SU;;Superman;Crime Alley ;Metropolis;;;United State of America;IT;Demowvd2022;33123456780;Engineer;DEMOAD;OU=WVD-Users,DC=demoad,DC=com
GreenArrow;GR;;GreenArrow;Crime Alley ;Star City;;;United State of America;IT;Demowvd2022;33123456780;Engineer;DEMOAD;OU=WVD-Users,DC=demoad,DC=com
Harley;HA;Quinn;Harley.Quinn;Crime Alley ;Arkham;;;United State of America;IT;Demowvd2022;33123456780;Engineer;DEMOAD;OU=WVD-Users,DC=demoad,DC=com
Aquaman;AQ;;Aquaman;Crime Alley ;Atlantis;;;United State of America;IT;Demowvd2022;33123456780;Engineer;DEMOAD;OU=WVD-Users,DC=demoad,DC=com
Selina;SK;Kyle;Selina.Kyle;Crime Alley ;Gotham;;;United State of America;IT;Demowvd2022;33123456780;Engineer;DEMOAD;OU=WVD-Users,DC=demoad,DC=com
Poison;PI;Ivy;Poison.Ivy;Crime Alley ;Arkham;;;United State of America;IT;Demowvd2022;33123456780;Vilain;DEMOAD;OU=WVD-Users,DC=demoad,DC=com
Pingouin;PI;;Pingouin;Crime Alley ;Arkham;;;United State of America;IT;Demowvd2022;33123456780;Vilain;DEMOAD;OU=WVD-Users,DC=demoad,DC=com
Double;DF;Face;Double.Face;Crime Alley ;Arkham;;;United State of America;IT;Demowvd2022;33123456780;Vilain;DEMOAD;OU=WVD-Users,DC=demoad,DC=com
Titans;TI;;Titans;Crime Alley ;Jump City;;;United State of America;IT;Demowvd2022;33123456780;TeamWork;DEMOAD;OU=WVD-Users,DC=demoad,DC=com
Teen;TT;Titans;Teen.Titans;Crime Alley ;Jump City;;;United State of America;IT;Demowvd2022;33123456780;TeamWork;DEMOAD;OU=WVD-Users,DC=demoad,DC=com
